{"cameraMode":{"drawMode":0,"name":"Shaded","section":"Shading Mode"},"sceneLighting":false,"audioPlay":false,"sceneViewState":{"m_AlwaysRefresh":false,"showFog":true,"showSkybox":false,"showFlares":true,"showImageEffects":true,"showParticleSystems":true,"showVisualEffectGraphs":true,"m_FxEnabled":true},"in2DMode":false,"pivot":{"x":24.971302032470704,"y":-41.86616134643555,"z":7.7731523513793949},"rotation":{"x":-0.029747536405920984,"y":-0.9564077854156494,"z":0.2708820402622223,"w":-0.10504037886857987},"size":1.5561931133270264,"orthographic":false}