{"cameraMode":{"drawMode":0,"name":"Shaded","section":"Shading Mode"},"sceneLighting":true,"audioPlay":false,"sceneViewState":{"m_AlwaysRefresh":false,"showFog":true,"showSkybox":true,"showFlares":true,"showImageEffects":true,"showParticleSystems":true,"showVisualEffectGraphs":true,"m_FxEnabled":true},"in2DMode":false,"pivot":{"x":247.40505981445313,"y":134.04847717285157,"z":85.4698486328125},"rotation":{"x":-0.08111238479614258,"y":0.05140407383441925,"z":-0.004187677055597305,"w":-0.9953734874725342},"size":286.3088684082031,"orthographic":false}