{"cameraMode":{"drawMode":0,"name":"Shaded","section":"Shading Mode"},"sceneLighting":true,"audioPlay":false,"sceneViewState":{"m_AlwaysRefresh":false,"showFog":true,"showSkybox":true,"showFlares":true,"showImageEffects":true,"showParticleSystems":true,"showVisualEffectGraphs":true,"m_FxEnabled":true},"in2DMode":false,"pivot":{"x":-13.516098022460938,"y":-16.722686767578126,"z":632.31689453125},"rotation":{"x":0.011682804673910141,"y":0.03445902094244957,"z":0.0004112840979360044,"w":-0.9993448257446289},"size":330.0343322753906,"orthographic":false}