{"cameraMode":{"drawMode":0,"name":"Shaded","section":"Shading Mode"},"sceneLighting":true,"audioPlay":false,"sceneViewState":{"m_AlwaysRefresh":false,"showFog":true,"showSkybox":true,"showFlares":true,"showImageEffects":true,"showParticleSystems":true,"showVisualEffectGraphs":true,"m_FxEnabled":true},"in2DMode":false,"pivot":{"x":-52.412601470947269,"y":-90.32017517089844,"z":110.40129089355469},"rotation":{"x":-0.17502309381961823,"y":0.2994871139526367,"z":-0.055986832827329639,"w":-0.9362384676933289},"size":82.08319854736328,"orthographic":false}